week_end_sunday,companyId,plan_tier_name,plan_tier_display_name,connect_licenses
2026-02-22,3639,FREE,Free Plan,1
2026-03-01,3639,FREE,Free Plan,1
2026-03-08,3008,FREE,Free Plan,1
2026-03-08,3192,FREE,Free Plan,1
2026-03-08,3204,FREE,Free Plan,1
2026-03-08,3240,FREE,Free Plan,1
2026-03-08,3517,FREE,Free Plan,1
2026-03-08,3639,FREE,Free Plan,1
2026-03-08,3859,FREE,Free Plan,1
2026-03-08,3860,FREE,Free Plan,1
2026-03-08,3862,TEAMS,Teams Plan,1
2026-03-08,3865,FREE,Free Plan,1
2026-03-08,3873,FREE,Free Plan,1
2026-03-08,3876,FREE,Free Plan,1
2026-03-08,3881,FREE,Free Plan,1
2026-03-08,3900,FREE,Free Plan,1
2026-03-08,3904,FREE,Free Plan,1
2026-03-08,3908,FREE,Free Plan,1
2026-03-08,3910,FREE,Free Plan,1
2026-03-08,3913,FREE,Free Plan,1
2026-03-15,2836,FREE,Free Plan,1
2026-03-15,3008,FREE,Free Plan,1
2026-03-15,3011,FREE,Free Plan,1
2026-03-15,3097,FREE,Free Plan,1
2026-03-15,3192,FREE,Free Plan,1
2026-03-15,3204,FREE,Free Plan,1
2026-03-15,3211,FREE,Free Plan,1
2026-03-15,3240,FREE,Free Plan,1
2026-03-15,3260,FREE,Free Plan,1
2026-03-15,3263,FREE,Free Plan,1
2026-03-15,3274,FREE,Free Plan,1
2026-03-15,3280,FREE,Free Plan,1
2026-03-15,3424,FREE,Free Plan,1
2026-03-15,3435,FREE,Free Plan,1
2026-03-15,3436,FREE,Free Plan,1
2026-03-15,3517,FREE,Free Plan,1
2026-03-15,3575,FREE,Free Plan,1
2026-03-15,3639,FREE,Free Plan,1
2026-03-15,3859,FREE,Free Plan,1
2026-03-15,3860,FREE,Free Plan,1
2026-03-15,3862,TEAMS,Teams Plan,1
2026-03-15,3865,FREE,Free Plan,1
2026-03-15,3873,FREE,Free Plan,1
2026-03-15,3876,FREE,Free Plan,1
2026-03-15,3881,FREE,Free Plan,1
2026-03-15,3900,FREE,Free Plan,1
2026-03-15,3904,FREE,Free Plan,1
2026-03-15,3908,FREE,Free Plan,1
2026-03-15,3910,FREE,Free Plan,1
2026-03-15,3913,FREE,Free Plan,1
2026-03-15,3923,FREE,Free Plan,1
2026-03-15,3924,FREE,Free Plan,1
2026-03-15,3933,FREE,Free Plan,1
2026-03-15,3940,FREE,Free Plan,1
2026-03-15,3944,FREE,Free Plan,1
2026-03-15,3950,FREE,Free Plan,1
2026-03-15,3951,FREE,Free Plan,1
2026-03-15,3952,FREE,Free Plan,1
2026-03-15,3955,FREE,Free Plan,1
2026-03-15,3956,FREE,Free Plan,1
2026-03-15,3961,FREE,Free Plan,1
2026-03-15,3966,FREE,Free Plan,1
2026-03-15,3970,FREE,Free Plan,1
2026-03-15,3971,FREE,Free Plan,1
2026-03-15,3972,FREE,Free Plan,1
2026-03-15,3985,FREE,Free Plan,1
2026-03-15,3989,FREE,Free Plan,1
2026-03-15,3997,FREE,Free Plan,1
2026-03-15,4007,FREE,Free Plan,1
2026-03-15,4008,FREE,Free Plan,1
2026-03-15,4010,FREE,Free Plan,1
2026-03-15,4024,FREE,Free Plan,1
2026-03-15,4025,FREE,Free Plan,1
2026-03-15,4026,FREE,Free Plan,1
2026-03-15,4034,FREE,Free Plan,1
2026-03-15,4035,FREE,Free Plan,1
2026-03-15,4037,FREE,Free Plan,1
2026-03-15,4044,FREE,Free Plan,1
2026-03-15,4049,FREE,Free Plan,1
2026-03-15,4051,FREE,Free Plan,1
2026-03-15,4055,FREE,Free Plan,1
2026-03-15,4059,FREE,Free Plan,1
2026-03-15,4065,FREE,Free Plan,1
2026-03-15,4071,FREE,Free Plan,1
2026-03-15,4084,FREE,Free Plan,1
2026-03-15,4090,FREE,Free Plan,1
2026-03-15,4093,FREE,Free Plan,1
2026-03-15,4096,FREE,Free Plan,1
2026-03-15,4100,FREE,Free Plan,1
2026-03-15,4103,FREE,Free Plan,1
2026-03-15,4104,FREE,Free Plan,1
2026-03-15,4111,FREE,Free Plan,1
2026-03-15,4114,FREE,Free Plan,1
2026-03-15,4116,FREE,Free Plan,1
2026-03-15,4117,FREE,Free Plan,1
2026-03-15,4119,FREE,Free Plan,1
2026-03-15,4120,FREE,Free Plan,1
2026-03-15,4132,FREE,Free Plan,1
2026-03-15,4133,FREE,Free Plan,1
2026-03-15,4141,FREE,Free Plan,1
2026-03-15,4142,FREE,Free Plan,1
2026-03-22,2836,FREE,Free Plan,1
2026-03-22,2855,FREE,Free Plan,1
2026-03-22,2971,FREE,Free Plan,1
2026-03-22,3008,FREE,Free Plan,1
2026-03-22,3011,FREE,Free Plan,1
2026-03-22,3097,FREE,Free Plan,1
2026-03-22,3141,FREE,Free Plan,1
2026-03-22,3192,FREE,Free Plan,1
2026-03-22,3204,FREE,Free Plan,1
2026-03-22,3211,FREE,Free Plan,1
2026-03-22,3240,FREE,Free Plan,1
2026-03-22,3260,FREE,Free Plan,1
2026-03-22,3263,FREE,Free Plan,1
2026-03-22,3274,FREE,Free Plan,1
2026-03-22,3280,FREE,Free Plan,1
2026-03-22,3287,TEAMS,Teams Plan,1
2026-03-22,3402,TEAMS,Teams Plan,1
2026-03-22,3424,FREE,Free Plan,1
2026-03-22,3435,FREE,Free Plan,1
2026-03-22,3436,FREE,Free Plan,1
2026-03-22,3442,FREE,Free Plan,1
2026-03-22,3456,FREE,Free Plan,1
2026-03-22,3468,FREE,Free Plan,1
2026-03-22,3474,FREE,Free Plan,1
2026-03-22,3488,FREE,Free Plan,1
2026-03-22,3494,FREE,Free Plan,1
2026-03-22,3500,FREE,Free Plan,1
2026-03-22,3510,FREE,Free Plan,1
2026-03-22,3517,FREE,Free Plan,1
2026-03-22,3575,FREE,Free Plan,1
2026-03-22,3608,FREE,Free Plan,1
2026-03-22,3611,FREE,Free Plan,1
2026-03-22,3617,FREE,Free Plan,1
2026-03-22,3618,FREE,Free Plan,1
2026-03-22,3619,FREE,Free Plan,1
2026-03-22,3620,FREE,Free Plan,1
2026-03-22,3621,FREE,Free Plan,1
2026-03-22,3622,FREE,Free Plan,1
2026-03-22,3623,FREE,Free Plan,1
2026-03-22,3629,FREE,Free Plan,1
2026-03-22,3630,FREE,Free Plan,1
2026-03-22,3634,FREE,Free Plan,1
2026-03-22,3636,FREE,Free Plan,1
2026-03-22,3637,FREE,Free Plan,1
2026-03-22,3639,FREE,Free Plan,1
2026-03-22,3643,FREE,Free Plan,1
2026-03-22,3645,FREE,Free Plan,1
2026-03-22,3646,FREE,Free Plan,1
2026-03-22,3647,FREE,Free Plan,1
2026-03-22,3653,FREE,Free Plan,1
2026-03-22,3656,FREE,Free Plan,1
2026-03-22,3657,FREE,Free Plan,1
2026-03-22,3658,FREE,Free Plan,1
2026-03-22,3662,FREE,Free Plan,1
2026-03-22,3666,TEAMS,Teams Plan,1
2026-03-22,3667,FREE,Free Plan,1
2026-03-22,3671,FREE,Free Plan,1
2026-03-22,3859,FREE,Free Plan,1
2026-03-22,3860,FREE,Free Plan,1
2026-03-22,3862,TEAMS,Teams Plan,1
2026-03-22,3865,FREE,Free Plan,1
2026-03-22,3873,FREE,Free Plan,1
2026-03-22,3876,FREE,Free Plan,1
2026-03-22,3881,FREE,Free Plan,1
2026-03-22,3899,FREE,Free Plan,1
2026-03-22,3900,FREE,Free Plan,1
2026-03-22,3904,FREE,Free Plan,1
2026-03-22,3908,FREE,Free Plan,1
2026-03-22,3910,FREE,Free Plan,1
2026-03-22,3913,FREE,Free Plan,1
2026-03-22,3923,FREE,Free Plan,1
2026-03-22,3924,FREE,Free Plan,1
2026-03-22,3933,FREE,Free Plan,1
2026-03-22,3940,FREE,Free Plan,1
2026-03-22,3944,FREE,Free Plan,1
2026-03-22,3950,FREE,Free Plan,1
2026-03-22,3951,FREE,Free Plan,1
2026-03-22,3952,FREE,Free Plan,1
2026-03-22,3955,FREE,Free Plan,1
2026-03-22,3956,FREE,Free Plan,1
2026-03-22,3961,FREE,Free Plan,1
2026-03-22,3966,FREE,Free Plan,1
2026-03-22,3970,FREE,Free Plan,1
2026-03-22,3971,FREE,Free Plan,1
2026-03-22,3972,FREE,Free Plan,1
2026-03-22,3985,FREE,Free Plan,1
2026-03-22,3989,FREE,Free Plan,1
2026-03-22,3997,FREE,Free Plan,1
2026-03-22,4007,FREE,Free Plan,1
2026-03-22,4008,FREE,Free Plan,1
2026-03-22,4010,FREE,Free Plan,1
2026-03-22,4024,FREE,Free Plan,1
2026-03-22,4025,FREE,Free Plan,1
2026-03-22,4026,FREE,Free Plan,1
2026-03-22,4034,FREE,Free Plan,1
2026-03-22,4035,FREE,Free Plan,1
2026-03-22,4037,FREE,Free Plan,1
2026-03-22,4044,FREE,Free Plan,1
2026-03-22,4049,FREE,Free Plan,1
2026-03-22,4051,FREE,Free Plan,1
2026-03-22,4055,FREE,Free Plan,1
2026-03-22,4059,FREE,Free Plan,1
2026-03-22,4065,FREE,Free Plan,1
2026-03-22,4071,FREE,Free Plan,1
2026-03-22,4084,FREE,Free Plan,1
2026-03-22,4090,FREE,Free Plan,1
2026-03-22,4093,FREE,Free Plan,1
2026-03-22,4096,FREE,Free Plan,1
2026-03-22,4100,FREE,Free Plan,1
2026-03-22,4103,FREE,Free Plan,1
2026-03-22,4104,FREE,Free Plan,1
2026-03-22,4111,FREE,Free Plan,1
2026-03-22,4114,FREE,Free Plan,1
2026-03-22,4116,FREE,Free Plan,1
2026-03-22,4117,FREE,Free Plan,1
2026-03-22,4119,FREE,Free Plan,1
2026-03-22,4120,FREE,Free Plan,1
2026-03-22,4132,FREE,Free Plan,1
2026-03-22,4133,FREE,Free Plan,1
2026-03-22,4141,FREE,Free Plan,1
2026-03-22,4142,FREE,Free Plan,1
2026-03-22,4154,FREE,Free Plan,1
2026-03-22,4155,FREE,Free Plan,1
2026-03-22,4156,FREE,Free Plan,1
2026-03-22,4160,FREE,Free Plan,1
2026-03-22,4165,FREE,Free Plan,1
2026-03-22,4170,FREE,Free Plan,1
2026-03-22,4171,FREE,Free Plan,1
2026-03-22,4173,FREE,Free Plan,1
2026-03-22,4175,FREE,Free Plan,1
2026-03-22,4188,FREE,Free Plan,1
2026-03-22,4189,FREE,Free Plan,1
2026-03-22,4191,FREE,Free Plan,1
2026-03-22,4194,FREE,Free Plan,1
2026-03-22,4197,FREE,Free Plan,1
2026-03-22,4199,FREE,Free Plan,1
2026-03-22,4206,FREE,Free Plan,1
2026-03-22,4207,FREE,Free Plan,1
2026-03-22,4216,FREE,Free Plan,1
2026-03-22,4218,FREE,Free Plan,1
2026-03-22,4222,FREE,Free Plan,1
2026-03-22,4226,FREE,Free Plan,1
2026-03-22,4235,FREE,Free Plan,1
2026-03-22,4243,FREE,Free Plan,1
2026-03-22,4244,FREE,Free Plan,1
2026-03-22,4247,FREE,Free Plan,1
2026-03-22,4249,FREE,Free Plan,1
2026-03-22,4264,FREE,Free Plan,1
2026-03-22,4274,FREE,Free Plan,1
2026-03-22,4275,FREE,Free Plan,1
2026-03-22,4281,FREE,Free Plan,1
2026-03-22,4283,FREE,Free Plan,1
2026-03-22,4284,FREE,Free Plan,1
2026-03-22,4311,FREE,Free Plan,1
2026-03-22,4318,FREE,Free Plan,1
2026-03-22,4321,FREE,Free Plan,1
2026-03-22,4326,FREE,Free Plan,1
2026-03-22,4327,FREE,Free Plan,1
2026-03-22,4331,FREE,Free Plan,1
2026-03-22,4344,FREE,Free Plan,1
2026-03-22,4345,FREE,Free Plan,1
2026-03-22,4348,FREE,Free Plan,1
2026-03-22,4355,FREE,Free Plan,1
2026-03-22,4359,FREE,Free Plan,1
2026-03-22,4362,FREE,Free Plan,1
2026-03-22,4363,FREE,Free Plan,1
2026-03-22,4372,FREE,Free Plan,1
2026-03-22,4382,FREE,Free Plan,1
2026-03-22,4386,FREE,Free Plan,1
2026-03-22,4393,FREE,Free Plan,1
2026-03-22,4395,FREE,Free Plan,1
2026-03-22,4397,FREE,Free Plan,1
2026-03-22,4400,FREE,Free Plan,1
2026-03-22,4410,FREE,Free Plan,1
2026-03-22,4411,FREE,Free Plan,1
2026-03-22,4414,FREE,Free Plan,1
2026-03-22,4415,FREE,Free Plan,1
2026-03-22,4420,FREE,Free Plan,1
2026-03-22,4425,FREE,Free Plan,1
2026-03-22,4430,FREE,Free Plan,1
2026-03-22,4443,FREE,Free Plan,1
2026-03-22,4444,FREE,Free Plan,1
2026-03-22,4453,FREE,Free Plan,1
2026-03-22,4457,FREE,Free Plan,1
2026-03-22,4458,FREE,Free Plan,1
2026-03-22,4468,FREE,Free Plan,1
2026-03-22,4470,FREE,Free Plan,1
2026-03-22,4479,FREE,Free Plan,1
2026-03-22,4482,FREE,Free Plan,1
2026-03-22,4485,FREE,Free Plan,1
2026-03-22,4490,FREE,Free Plan,1
2026-03-22,4493,FREE,Free Plan,1
2026-03-22,4494,FREE,Free Plan,1
2026-03-22,4500,FREE,Free Plan,1
2026-03-29,2836,FREE,Free Plan,1
2026-03-29,2855,FREE,Free Plan,1
2026-03-29,2888,FREE,Free Plan,1
2026-03-29,2942,FREE,Free Plan,1
2026-03-29,2971,FREE,Free Plan,1
2026-03-29,3008,FREE,Free Plan,1
2026-03-29,3011,FREE,Free Plan,1
2026-03-29,3097,FREE,Free Plan,1
2026-03-29,3141,FREE,Free Plan,1
2026-03-29,3154,FREE,Free Plan,1
2026-03-29,3192,FREE,Free Plan,1
2026-03-29,3204,FREE,Free Plan,1
2026-03-29,3211,FREE,Free Plan,1
2026-03-29,3240,FREE,Free Plan,1
2026-03-29,3260,FREE,Free Plan,1
2026-03-29,3263,FREE,Free Plan,1
2026-03-29,3274,FREE,Free Plan,1
2026-03-29,3280,FREE,Free Plan,1
2026-03-29,3287,TEAMS,Teams Plan,1
2026-03-29,3335,FREE,Free Plan,1
2026-03-29,3338,FREE,Free Plan,1
2026-03-29,3377,FREE,Free Plan,1
2026-03-29,3397,FREE,Free Plan,1
2026-03-29,3402,TEAMS,Teams Plan,1
2026-03-29,3424,FREE,Free Plan,1
2026-03-29,3435,FREE,Free Plan,1
2026-03-29,3436,FREE,Free Plan,1
2026-03-29,3442,FREE,Free Plan,1
2026-03-29,3456,FREE,Free Plan,1
2026-03-29,3468,FREE,Free Plan,1
2026-03-29,3474,FREE,Free Plan,1
2026-03-29,3488,FREE,Free Plan,1
2026-03-29,3494,FREE,Free Plan,1
2026-03-29,3500,FREE,Free Plan,1
2026-03-29,3510,FREE,Free Plan,1
2026-03-29,3517,FREE,Free Plan,1
2026-03-29,3536,FREE,Free Plan,1
2026-03-29,3537,FREE,Free Plan,1
2026-03-29,3572,FREE,Free Plan,1
2026-03-29,3575,FREE,Free Plan,1
2026-03-29,3577,FREE,Free Plan,1
2026-03-29,3578,FREE,Free Plan,1
2026-03-29,3592,FREE,Free Plan,1
2026-03-29,3595,FREE,Free Plan,1
2026-03-29,3608,FREE,Free Plan,1
2026-03-29,3611,FREE,Free Plan,1
2026-03-29,3617,FREE,Free Plan,1
2026-03-29,3618,FREE,Free Plan,1
2026-03-29,3619,FREE,Free Plan,1
2026-03-29,3620,FREE,Free Plan,1
2026-03-29,3621,FREE,Free Plan,1
2026-03-29,3622,FREE,Free Plan,1
2026-03-29,3623,FREE,Free Plan,1
2026-03-29,3629,FREE,Free Plan,1
2026-03-29,3630,FREE,Free Plan,1
2026-03-29,3634,FREE,Free Plan,1
2026-03-29,3636,FREE,Free Plan,1
2026-03-29,3637,FREE,Free Plan,1
2026-03-29,3639,FREE,Free Plan,1
2026-03-29,3643,FREE,Free Plan,1
2026-03-29,3645,FREE,Free Plan,1
2026-03-29,3646,FREE,Free Plan,1
2026-03-29,3647,FREE,Free Plan,1
2026-03-29,3653,FREE,Free Plan,1
2026-03-29,3656,FREE,Free Plan,1
2026-03-29,3657,FREE,Free Plan,1
2026-03-29,3658,FREE,Free Plan,1
2026-03-29,3662,FREE,Free Plan,1
2026-03-29,3666,TEAMS,Teams Plan,1
2026-03-29,3667,FREE,Free Plan,1
2026-03-29,3671,FREE,Free Plan,1
2026-03-29,3677,FREE,Free Plan,1
2026-03-29,3678,FREE,Free Plan,1
2026-03-29,3681,FREE,Free Plan,1
2026-03-29,3693,FREE,Free Plan,1
2026-03-29,3697,FREE,Free Plan,1
2026-03-29,3701,FREE,Free Plan,1
2026-03-29,3703,FREE,Free Plan,1
2026-03-29,3709,FREE,Free Plan,1
2026-03-29,3711,FREE,Free Plan,1
2026-03-29,3714,FREE,Free Plan,1
2026-03-29,3716,FREE,Free Plan,1
2026-03-29,3717,FREE,Free Plan,1
2026-03-29,3723,FREE,Free Plan,1
2026-03-29,3726,FREE,Free Plan,1
2026-03-29,3732,FREE,Free Plan,1
2026-03-29,3739,FREE,Free Plan,1
2026-03-29,3742,FREE,Free Plan,1
2026-03-29,3752,FREE,Free Plan,1
2026-03-29,3755,FREE,Free Plan,1
2026-03-29,3757,TEAMS,Teams Plan,1
2026-03-29,3766,FREE,Free Plan,1
2026-03-29,3775,FREE,Free Plan,1
2026-03-29,3859,FREE,Free Plan,1
2026-03-29,3860,FREE,Free Plan,1
2026-03-29,3862,TEAMS,Teams Plan,1
2026-03-29,3865,FREE,Free Plan,1
2026-03-29,3873,FREE,Free Plan,1
2026-03-29,3876,FREE,Free Plan,1
2026-03-29,3881,FREE,Free Plan,1
2026-03-29,3899,FREE,Free Plan,1
2026-03-29,3900,FREE,Free Plan,1
2026-03-29,3904,FREE,Free Plan,1
2026-03-29,3908,FREE,Free Plan,1
2026-03-29,3910,FREE,Free Plan,1
2026-03-29,3911,FREE,Free Plan,1
2026-03-29,3913,FREE,Free Plan,1
2026-03-29,3923,FREE,Free Plan,1
2026-03-29,3924,FREE,Free Plan,1
2026-03-29,3933,FREE,Free Plan,1
2026-03-29,3940,FREE,Free Plan,1
2026-03-29,3944,FREE,Free Plan,1
2026-03-29,3950,FREE,Free Plan,1
2026-03-29,3951,FREE,Free Plan,1
2026-03-29,3952,FREE,Free Plan,1
2026-03-29,3955,FREE,Free Plan,1
2026-03-29,3956,FREE,Free Plan,1
2026-03-29,3961,FREE,Free Plan,1
2026-03-29,3966,FREE,Free Plan,1
2026-03-29,3970,FREE,Free Plan,1
2026-03-29,3971,FREE,Free Plan,1
2026-03-29,3972,FREE,Free Plan,1
2026-03-29,3985,FREE,Free Plan,1
2026-03-29,3989,FREE,Free Plan,1
2026-03-29,3997,FREE,Free Plan,1
2026-03-29,4007,FREE,Free Plan,1
2026-03-29,4008,FREE,Free Plan,1
2026-03-29,4010,FREE,Free Plan,1
2026-03-29,4024,FREE,Free Plan,1
2026-03-29,4025,FREE,Free Plan,1
2026-03-29,4026,FREE,Free Plan,1
2026-03-29,4034,FREE,Free Plan,1
2026-03-29,4035,FREE,Free Plan,1
2026-03-29,4037,FREE,Free Plan,1
2026-03-29,4044,FREE,Free Plan,1
2026-03-29,4049,FREE,Free Plan,1
2026-03-29,4051,FREE,Free Plan,1
2026-03-29,4055,FREE,Free Plan,1
2026-03-29,4059,FREE,Free Plan,1
2026-03-29,4065,FREE,Free Plan,1
2026-03-29,4071,FREE,Free Plan,1
2026-03-29,4084,FREE,Free Plan,1
2026-03-29,4090,FREE,Free Plan,1
2026-03-29,4093,FREE,Free Plan,1
2026-03-29,4096,FREE,Free Plan,1
2026-03-29,4100,FREE,Free Plan,1
2026-03-29,4103,FREE,Free Plan,1
2026-03-29,4104,FREE,Free Plan,1
2026-03-29,4111,FREE,Free Plan,1
2026-03-29,4114,FREE,Free Plan,1
2026-03-29,4116,FREE,Free Plan,1
2026-03-29,4117,FREE,Free Plan,1
2026-03-29,4119,FREE,Free Plan,1
2026-03-29,4120,FREE,Free Plan,1
2026-03-29,4132,FREE,Free Plan,1
2026-03-29,4133,FREE,Free Plan,1
2026-03-29,4141,FREE,Free Plan,1
2026-03-29,4142,FREE,Free Plan,1
2026-03-29,4154,FREE,Free Plan,1
2026-03-29,4155,FREE,Free Plan,1
2026-03-29,4156,FREE,Free Plan,1
2026-03-29,4160,FREE,Free Plan,1
2026-03-29,4165,FREE,Free Plan,1
2026-03-29,4170,FREE,Free Plan,1
2026-03-29,4171,FREE,Free Plan,1
2026-03-29,4173,FREE,Free Plan,1
2026-03-29,4175,FREE,Free Plan,1
2026-03-29,4188,FREE,Free Plan,1
2026-03-29,4189,FREE,Free Plan,1
2026-03-29,4191,FREE,Free Plan,1
2026-03-29,4194,FREE,Free Plan,1
2026-03-29,4197,FREE,Free Plan,1
2026-03-29,4199,FREE,Free Plan,1
2026-03-29,4206,FREE,Free Plan,1
2026-03-29,4207,FREE,Free Plan,1
2026-03-29,4216,FREE,Free Plan,1
2026-03-29,4218,FREE,Free Plan,1
2026-03-29,4222,FREE,Free Plan,1
2026-03-29,4226,FREE,Free Plan,1
2026-03-29,4235,FREE,Free Plan,1
2026-03-29,4243,FREE,Free Plan,1
2026-03-29,4244,FREE,Free Plan,1
2026-03-29,4247,FREE,Free Plan,1
2026-03-29,4249,FREE,Free Plan,1
2026-03-29,4264,FREE,Free Plan,1
2026-03-29,4274,FREE,Free Plan,1
2026-03-29,4275,FREE,Free Plan,1
2026-03-29,4281,FREE,Free Plan,1
2026-03-29,4283,FREE,Free Plan,1
2026-03-29,4284,FREE,Free Plan,1
2026-03-29,4311,FREE,Free Plan,1
2026-03-29,4318,FREE,Free Plan,1
2026-03-29,4321,FREE,Free Plan,1
2026-03-29,4326,FREE,Free Plan,1
2026-03-29,4327,FREE,Free Plan,1
2026-03-29,4331,FREE,Free Plan,1
2026-03-29,4344,FREE,Free Plan,1
2026-03-29,4345,FREE,Free Plan,1
2026-03-29,4348,FREE,Free Plan,1
2026-03-29,4355,FREE,Free Plan,1
2026-03-29,4359,FREE,Free Plan,1
2026-03-29,4362,FREE,Free Plan,1
2026-03-29,4363,FREE,Free Plan,1
2026-03-29,4372,FREE,Free Plan,1
2026-03-29,4382,FREE,Free Plan,1
2026-03-29,4386,FREE,Free Plan,1
2026-03-29,4393,FREE,Free Plan,1
2026-03-29,4395,FREE,Free Plan,1
2026-03-29,4397,FREE,Free Plan,1
2026-03-29,4400,FREE,Free Plan,1
2026-03-29,4410,FREE,Free Plan,1
2026-03-29,4411,FREE,Free Plan,1
2026-03-29,4414,FREE,Free Plan,1
2026-03-29,4415,FREE,Free Plan,1
2026-03-29,4420,FREE,Free Plan,1
2026-03-29,4425,FREE,Free Plan,1
2026-03-29,4430,FREE,Free Plan,1
2026-03-29,4443,FREE,Free Plan,1
2026-03-29,4444,FREE,Free Plan,1
2026-03-29,4453,FREE,Free Plan,1
2026-03-29,4457,FREE,Free Plan,1
2026-03-29,4458,FREE,Free Plan,1
2026-03-29,4468,FREE,Free Plan,1
2026-03-29,4470,FREE,Free Plan,1
2026-03-29,4479,FREE,Free Plan,1
2026-03-29,4482,FREE,Free Plan,1
2026-03-29,4485,FREE,Free Plan,1
2026-03-29,4490,FREE,Free Plan,1
2026-03-29,4493,FREE,Free Plan,1
2026-03-29,4494,FREE,Free Plan,1
2026-03-29,4500,FREE,Free Plan,1
2026-03-29,4506,FREE,Free Plan,1
2026-03-29,4509,FREE,Free Plan,1
2026-03-29,4517,FREE,Free Plan,1
2026-03-29,4518,FREE,Free Plan,1
2026-03-29,4526,FREE,Free Plan,1
2026-03-29,4528,FREE,Free Plan,1
2026-03-29,4534,FREE,Free Plan,1
2026-03-29,4535,FREE,Free Plan,1
2026-03-29,4539,FREE,Free Plan,1
2026-03-29,4540,FREE,Free Plan,1
2026-03-29,4541,FREE,Free Plan,1
2026-03-29,4544,FREE,Free Plan,1
2026-03-29,4546,FREE,Free Plan,1
2026-03-29,4547,FREE,Free Plan,1
2026-03-29,4551,FREE,Free Plan,1
2026-03-29,4555,FREE,Free Plan,1
2026-03-29,4558,FREE,Free Plan,1
2026-03-29,4563,FREE,Free Plan,1
2026-03-29,4574,FREE,Free Plan,1
2026-03-29,4576,FREE,Free Plan,1
2026-03-29,4578,FREE,Free Plan,1
2026-03-29,4581,FREE,Free Plan,1
2026-03-29,4584,FREE,Free Plan,1
2026-03-29,4595,FREE,Free Plan,1
2026-03-29,4596,FREE,Free Plan,1
2026-03-29,4598,FREE,Free Plan,1
2026-03-29,4607,FREE,Free Plan,1
2026-03-29,4612,FREE,Free Plan,1
2026-03-29,4614,FREE,Free Plan,1
2026-03-29,4622,FREE,Free Plan,1
2026-03-29,4628,FREE,Free Plan,1
2026-03-29,4629,FREE,Free Plan,1
2026-03-29,4634,FREE,Free Plan,1
2026-03-29,4635,FREE,Free Plan,1
2026-03-29,4636,FREE,Free Plan,1
2026-03-29,4637,FREE,Free Plan,1
2026-03-29,4640,FREE,Free Plan,1
2026-03-29,4647,FREE,Free Plan,1
2026-03-29,4659,FREE,Free Plan,1
2026-03-29,4661,FREE,Free Plan,1
2026-03-29,4667,FREE,Free Plan,1
2026-03-29,4671,FREE,Free Plan,1
2026-03-29,4675,FREE,Free Plan,1
2026-03-29,4677,FREE,Free Plan,1
2026-03-29,4681,FREE,Free Plan,1
2026-03-29,4682,FREE,Free Plan,1
2026-03-29,4688,FREE,Free Plan,1
2026-03-29,4698,FREE,Free Plan,1
2026-03-29,4701,FREE,Free Plan,1
2026-03-29,4702,FREE,Free Plan,1
2026-03-29,4704,FREE,Free Plan,1
2026-03-29,4709,FREE,Free Plan,1
2026-03-29,4712,FREE,Free Plan,1
2026-03-29,4715,FREE,Free Plan,1
2026-03-29,4717,FREE,Free Plan,1
2026-03-29,4724,FREE,Free Plan,1
2026-03-29,4726,FREE,Free Plan,1
2026-03-29,4734,FREE,Free Plan,1
2026-03-29,4738,FREE,Free Plan,1
2026-03-29,4742,FREE,Free Plan,1
2026-03-29,4746,FREE,Free Plan,1
2026-03-29,4750,FREE,Free Plan,1
2026-03-29,4759,FREE,Free Plan,1
2026-03-29,4760,FREE,Free Plan,1
2026-03-29,4770,FREE,Free Plan,1
2026-03-29,4775,FREE,Free Plan,1
2026-03-29,4782,FREE,Free Plan,1
2026-03-29,4783,FREE,Free Plan,1
2026-03-29,4786,FREE,Free Plan,1
2026-03-29,4788,FREE,Free Plan,1
2026-03-29,4791,FREE,Free Plan,1
2026-03-29,4798,FREE,Free Plan,1
2026-03-29,4811,FREE,Free Plan,1
2026-03-29,4825,FREE,Free Plan,1
2026-03-29,4826,FREE,Free Plan,1
2026-03-29,4828,FREE,Free Plan,1
2026-03-29,4830,FREE,Free Plan,1
2026-03-29,4836,FREE,Free Plan,1
2026-03-29,4837,FREE,Free Plan,1
2026-03-29,4844,FREE,Free Plan,1
2026-03-29,4850,FREE,Free Plan,1
2026-03-29,4853,FREE,Free Plan,1
2026-03-29,4861,FREE,Free Plan,1
2026-03-29,4863,FREE,Free Plan,1
2026-03-29,4864,FREE,Free Plan,1
2026-03-29,4872,FREE,Free Plan,1
2026-03-29,4882,FREE,Free Plan,1
2026-04-05,2836,FREE,Free Plan,1
2026-04-05,2855,FREE,Free Plan,1
2026-04-05,2888,FREE,Free Plan,1
2026-04-05,2942,FREE,Free Plan,1
2026-04-05,2951,FREE,Free Plan,1
2026-04-05,2971,FREE,Free Plan,1
2026-04-05,3008,FREE,Free Plan,1
2026-04-05,3011,FREE,Free Plan,1
2026-04-05,3070,FREE,Free Plan,1
2026-04-05,3097,FREE,Free Plan,1
2026-04-05,3141,FREE,Free Plan,1
2026-04-05,3154,FREE,Free Plan,1
2026-04-05,3192,FREE,Free Plan,1
2026-04-05,3201,FREE,Free Plan,1
2026-04-05,3204,FREE,Free Plan,1
2026-04-05,3211,FREE,Free Plan,1
2026-04-05,3240,FREE,Free Plan,1
2026-04-05,3260,FREE,Free Plan,1
2026-04-05,3261,FREE,Free Plan,1
2026-04-05,3263,FREE,Free Plan,1
2026-04-05,3274,FREE,Free Plan,1
2026-04-05,3280,FREE,Free Plan,1
2026-04-05,3287,TEAMS,Teams Plan,1
2026-04-05,3335,FREE,Free Plan,1
2026-04-05,3338,FREE,Free Plan,1
2026-04-05,3339,FREE,Free Plan,1
2026-04-05,3362,FREE,Free Plan,1
2026-04-05,3377,FREE,Free Plan,1
2026-04-05,3397,FREE,Free Plan,1
2026-04-05,3402,TEAMS,Teams Plan,1
2026-04-05,3415,FREE,Free Plan,1
2026-04-05,3424,FREE,Free Plan,1
2026-04-05,3435,FREE,Free Plan,1
2026-04-05,3436,FREE,Free Plan,1
2026-04-05,3442,FREE,Free Plan,1
2026-04-05,3456,FREE,Free Plan,1
2026-04-05,3457,FREE,Free Plan,1
2026-04-05,3468,FREE,Free Plan,1
2026-04-05,3472,FREE,Free Plan,1
2026-04-05,3474,FREE,Free Plan,1
2026-04-05,3488,FREE,Free Plan,1
2026-04-05,3494,FREE,Free Plan,1
2026-04-05,3500,FREE,Free Plan,1
2026-04-05,3510,FREE,Free Plan,1
2026-04-05,3517,FREE,Free Plan,1
2026-04-05,3536,FREE,Free Plan,1
2026-04-05,3537,FREE,Free Plan,1
2026-04-05,3572,FREE,Free Plan,1
2026-04-05,3575,FREE,Free Plan,1
2026-04-05,3577,FREE,Free Plan,1
2026-04-05,3578,FREE,Free Plan,1
2026-04-05,3592,FREE,Free Plan,1
2026-04-05,3595,FREE,Free Plan,1
2026-04-05,3608,FREE,Free Plan,1
2026-04-05,3611,FREE,Free Plan,1
2026-04-05,3617,FREE,Free Plan,1
2026-04-05,3618,FREE,Free Plan,1
2026-04-05,3619,FREE,Free Plan,1
2026-04-05,3620,FREE,Free Plan,1
2026-04-05,3621,FREE,Free Plan,1
2026-04-05,3622,FREE,Free Plan,1
2026-04-05,3623,FREE,Free Plan,1
2026-04-05,3629,FREE,Free Plan,1
2026-04-05,3630,FREE,Free Plan,1
2026-04-05,3634,FREE,Free Plan,1
2026-04-05,3636,FREE,Free Plan,1
2026-04-05,3637,FREE,Free Plan,1
2026-04-05,3639,FREE,Free Plan,1
2026-04-05,3643,FREE,Free Plan,1
2026-04-05,3645,FREE,Free Plan,1
2026-04-05,3646,FREE,Free Plan,1
2026-04-05,3647,FREE,Free Plan,1
2026-04-05,3653,FREE,Free Plan,1
2026-04-05,3656,FREE,Free Plan,1
2026-04-05,3657,FREE,Free Plan,1
2026-04-05,3658,FREE,Free Plan,1
2026-04-05,3662,FREE,Free Plan,1
2026-04-05,3666,TEAMS,Teams Plan,1
2026-04-05,3667,FREE,Free Plan,1
2026-04-05,3671,FREE,Free Plan,1
2026-04-05,3677,FREE,Free Plan,1
2026-04-05,3678,FREE,Free Plan,1
2026-04-05,3681,FREE,Free Plan,1
2026-04-05,3693,FREE,Free Plan,1
2026-04-05,3697,FREE,Free Plan,1
2026-04-05,3701,FREE,Free Plan,1
2026-04-05,3703,FREE,Free Plan,1
2026-04-05,3709,FREE,Free Plan,1
2026-04-05,3711,FREE,Free Plan,1
2026-04-05,3714,FREE,Free Plan,1
2026-04-05,3716,FREE,Free Plan,1
2026-04-05,3717,FREE,Free Plan,1
2026-04-05,3723,FREE,Free Plan,1
2026-04-05,3726,FREE,Free Plan,1
2026-04-05,3732,FREE,Free Plan,1
2026-04-05,3739,FREE,Free Plan,1
2026-04-05,3742,FREE,Free Plan,1
2026-04-05,3752,FREE,Free Plan,1
2026-04-05,3755,FREE,Free Plan,1
2026-04-05,3757,TEAMS,Teams Plan,1
2026-04-05,3766,FREE,Free Plan,1
2026-04-05,3775,FREE,Free Plan,1
2026-04-05,3790,FREE,Free Plan,1
2026-04-05,3791,FREE,Free Plan,1
2026-04-05,3793,FREE,Free Plan,1
2026-04-05,3794,FREE,Free Plan,1
2026-04-05,3795,FREE,Free Plan,1
2026-04-05,3798,FREE,Free Plan,1
2026-04-05,3800,FREE,Free Plan,1
2026-04-05,3802,FREE,Free Plan,1
2026-04-05,3804,FREE,Free Plan,1
2026-04-05,3805,FREE,Free Plan,1
2026-04-05,3806,FREE,Free Plan,1
2026-04-05,3808,FREE,Free Plan,1
2026-04-05,3809,FREE,Free Plan,1
2026-04-05,3814,FREE,Free Plan,1
2026-04-05,3816,FREE,Free Plan,1
2026-04-05,3819,FREE,Free Plan,1
2026-04-05,3820,FREE,Free Plan,1
2026-04-05,3823,FREE,Free Plan,1
2026-04-05,3824,FREE,Free Plan,1
2026-04-05,3832,FREE,Free Plan,1
2026-04-05,3833,FREE,Free Plan,1
2026-04-05,3836,FREE,Free Plan,1
2026-04-05,3859,FREE,Free Plan,1
2026-04-05,3860,FREE,Free Plan,1
2026-04-05,3862,TEAMS,Teams Plan,1
2026-04-05,3865,FREE,Free Plan,1
2026-04-05,3873,FREE,Free Plan,1
2026-04-05,3876,FREE,Free Plan,1
2026-04-05,3881,FREE,Free Plan,1
2026-04-05,3899,FREE,Free Plan,1
2026-04-05,3900,FREE,Free Plan,1
2026-04-05,3904,FREE,Free Plan,1
2026-04-05,3908,FREE,Free Plan,1
2026-04-05,3910,FREE,Free Plan,1
2026-04-05,3911,FREE,Free Plan,1
2026-04-05,3913,FREE,Free Plan,1
2026-04-05,3923,FREE,Free Plan,1
2026-04-05,3924,FREE,Free Plan,1
2026-04-05,3933,FREE,Free Plan,1
2026-04-05,3940,FREE,Free Plan,1
2026-04-05,3944,FREE,Free Plan,1
2026-04-05,3950,FREE,Free Plan,1
2026-04-05,3951,FREE,Free Plan,1
2026-04-05,3952,FREE,Free Plan,1
2026-04-05,3955,FREE,Free Plan,1
2026-04-05,3956,FREE,Free Plan,1
2026-04-05,3961,FREE,Free Plan,1
2026-04-05,3966,FREE,Free Plan,1
2026-04-05,3970,FREE,Free Plan,1
2026-04-05,3971,FREE,Free Plan,1
2026-04-05,3972,FREE,Free Plan,1
2026-04-05,3985,FREE,Free Plan,1
2026-04-05,3989,FREE,Free Plan,1
2026-04-05,3997,FREE,Free Plan,1
2026-04-05,4007,FREE,Free Plan,1
2026-04-05,4008,FREE,Free Plan,1
2026-04-05,4010,FREE,Free Plan,1
2026-04-05,4024,FREE,Free Plan,1
2026-04-05,4025,FREE,Free Plan,1
2026-04-05,4026,FREE,Free Plan,1
2026-04-05,4034,FREE,Free Plan,1
2026-04-05,4035,FREE,Free Plan,1
2026-04-05,4037,FREE,Free Plan,1
2026-04-05,4044,FREE,Free Plan,1
2026-04-05,4049,FREE,Free Plan,1
2026-04-05,4051,FREE,Free Plan,1
2026-04-05,4055,FREE,Free Plan,1
2026-04-05,4059,FREE,Free Plan,1
2026-04-05,4065,FREE,Free Plan,1
2026-04-05,4071,FREE,Free Plan,1
2026-04-05,4084,FREE,Free Plan,1
2026-04-05,4090,FREE,Free Plan,1
2026-04-05,4093,FREE,Free Plan,1
2026-04-05,4096,FREE,Free Plan,1
2026-04-05,4100,FREE,Free Plan,1
2026-04-05,4103,FREE,Free Plan,1
2026-04-05,4104,FREE,Free Plan,1
2026-04-05,4111,FREE,Free Plan,1
2026-04-05,4114,FREE,Free Plan,1
2026-04-05,4116,FREE,Free Plan,1
2026-04-05,4117,FREE,Free Plan,1
2026-04-05,4119,FREE,Free Plan,1
2026-04-05,4120,FREE,Free Plan,1
2026-04-05,4132,FREE,Free Plan,1
2026-04-05,4133,FREE,Free Plan,1
2026-04-05,4141,FREE,Free Plan,1
2026-04-05,4142,FREE,Free Plan,1
2026-04-05,4154,FREE,Free Plan,1
2026-04-05,4155,FREE,Free Plan,1
2026-04-05,4156,FREE,Free Plan,1
2026-04-05,4160,FREE,Free Plan,1
2026-04-05,4165,FREE,Free Plan,1
2026-04-05,4170,FREE,Free Plan,1
2026-04-05,4171,FREE,Free Plan,1
2026-04-05,4173,FREE,Free Plan,1
2026-04-05,4175,FREE,Free Plan,1
2026-04-05,4188,FREE,Free Plan,1
2026-04-05,4189,FREE,Free Plan,1
2026-04-05,4191,FREE,Free Plan,1
2026-04-05,4194,FREE,Free Plan,1
2026-04-05,4197,FREE,Free Plan,1
2026-04-05,4199,FREE,Free Plan,1
2026-04-05,4206,FREE,Free Plan,1
2026-04-05,4207,FREE,Free Plan,1
2026-04-05,4216,FREE,Free Plan,1
2026-04-05,4218,FREE,Free Plan,1
2026-04-05,4222,FREE,Free Plan,1
2026-04-05,4226,FREE,Free Plan,1
2026-04-05,4235,FREE,Free Plan,1
2026-04-05,4243,FREE,Free Plan,1
2026-04-05,4244,FREE,Free Plan,1
2026-04-05,4247,FREE,Free Plan,1
2026-04-05,4249,FREE,Free Plan,1
2026-04-05,4264,FREE,Free Plan,1
2026-04-05,4274,FREE,Free Plan,1
2026-04-05,4275,FREE,Free Plan,1
2026-04-05,4281,FREE,Free Plan,1
2026-04-05,4283,FREE,Free Plan,1
2026-04-05,4284,FREE,Free Plan,1
2026-04-05,4311,FREE,Free Plan,1
2026-04-05,4318,FREE,Free Plan,1
2026-04-05,4321,FREE,Free Plan,1
2026-04-05,4326,FREE,Free Plan,1
2026-04-05,4327,FREE,Free Plan,1
2026-04-05,4331,FREE,Free Plan,1
2026-04-05,4344,FREE,Free Plan,1
2026-04-05,4345,FREE,Free Plan,1
2026-04-05,4348,FREE,Free Plan,1
2026-04-05,4355,FREE,Free Plan,1
2026-04-05,4359,FREE,Free Plan,1
2026-04-05,4362,FREE,Free Plan,1
2026-04-05,4363,FREE,Free Plan,1
2026-04-05,4372,FREE,Free Plan,1
2026-04-05,4382,FREE,Free Plan,1
2026-04-05,4386,FREE,Free Plan,1
2026-04-05,4393,FREE,Free Plan,1
2026-04-05,4395,FREE,Free Plan,1
2026-04-05,4397,FREE,Free Plan,1
2026-04-05,4400,FREE,Free Plan,1
2026-04-05,4410,FREE,Free Plan,1
2026-04-05,4411,FREE,Free Plan,1
2026-04-05,4414,FREE,Free Plan,1
2026-04-05,4415,FREE,Free Plan,1
2026-04-05,4420,FREE,Free Plan,1
2026-04-05,4425,FREE,Free Plan,1
2026-04-05,4430,FREE,Free Plan,1
2026-04-05,4443,FREE,Free Plan,1
2026-04-05,4444,FREE,Free Plan,1
2026-04-05,4453,FREE,Free Plan,1
2026-04-05,4457,FREE,Free Plan,1
2026-04-05,4458,FREE,Free Plan,1
2026-04-05,4468,FREE,Free Plan,1
2026-04-05,4470,FREE,Free Plan,1
2026-04-05,4479,FREE,Free Plan,1
2026-04-05,4482,FREE,Free Plan,1
2026-04-05,4485,FREE,Free Plan,1
2026-04-05,4490,FREE,Free Plan,1
2026-04-05,4493,FREE,Free Plan,1
2026-04-05,4494,FREE,Free Plan,1
2026-04-05,4500,FREE,Free Plan,1
2026-04-05,4506,FREE,Free Plan,1
2026-04-05,4509,FREE,Free Plan,1
2026-04-05,4517,FREE,Free Plan,1
2026-04-05,4518,FREE,Free Plan,1
2026-04-05,4526,FREE,Free Plan,1
2026-04-05,4528,FREE,Free Plan,1
2026-04-05,4534,FREE,Free Plan,1
2026-04-05,4535,FREE,Free Plan,1
2026-04-05,4539,FREE,Free Plan,1
2026-04-05,4540,FREE,Free Plan,1
2026-04-05,4541,FREE,Free Plan,1
2026-04-05,4544,FREE,Free Plan,1
2026-04-05,4546,FREE,Free Plan,1
2026-04-05,4547,FREE,Free Plan,1
2026-04-05,4551,FREE,Free Plan,1
2026-04-05,4555,FREE,Free Plan,1
2026-04-05,4558,FREE,Free Plan,1
2026-04-05,4563,FREE,Free Plan,1
2026-04-05,4574,FREE,Free Plan,1
2026-04-05,4576,FREE,Free Plan,1
2026-04-05,4578,FREE,Free Plan,1
2026-04-05,4581,FREE,Free Plan,1
2026-04-05,4584,FREE,Free Plan,1
2026-04-05,4595,FREE,Free Plan,1
2026-04-05,4596,FREE,Free Plan,1
2026-04-05,4598,FREE,Free Plan,1
2026-04-05,4607,FREE,Free Plan,1
2026-04-05,4612,FREE,Free Plan,1
2026-04-05,4614,FREE,Free Plan,1
2026-04-05,4622,FREE,Free Plan,1
2026-04-05,4628,FREE,Free Plan,1
2026-04-05,4629,FREE,Free Plan,1
2026-04-05,4634,FREE,Free Plan,1
2026-04-05,4635,FREE,Free Plan,1
2026-04-05,4636,FREE,Free Plan,1
2026-04-05,4637,FREE,Free Plan,1
2026-04-05,4640,FREE,Free Plan,1
2026-04-05,4647,FREE,Free Plan,1
2026-04-05,4659,FREE,Free Plan,1
2026-04-05,4661,FREE,Free Plan,1
2026-04-05,4667,FREE,Free Plan,1
2026-04-05,4671,FREE,Free Plan,1
2026-04-05,4675,FREE,Free Plan,1
2026-04-05,4677,FREE,Free Plan,1
2026-04-05,4681,FREE,Free Plan,1
2026-04-05,4682,FREE,Free Plan,1
2026-04-05,4688,FREE,Free Plan,1
2026-04-05,4698,FREE,Free Plan,1
2026-04-05,4701,FREE,Free Plan,1
2026-04-05,4702,FREE,Free Plan,1
2026-04-05,4704,FREE,Free Plan,1
2026-04-05,4709,FREE,Free Plan,1
2026-04-05,4712,FREE,Free Plan,1
2026-04-05,4715,FREE,Free Plan,1
2026-04-05,4717,FREE,Free Plan,1
2026-04-05,4724,FREE,Free Plan,1
2026-04-05,4726,FREE,Free Plan,1
2026-04-05,4734,FREE,Free Plan,1
2026-04-05,4738,FREE,Free Plan,1
2026-04-05,4742,FREE,Free Plan,1
2026-04-05,4746,FREE,Free Plan,1
2026-04-05,4750,FREE,Free Plan,1
2026-04-05,4759,FREE,Free Plan,1
2026-04-05,4760,FREE,Free Plan,1
2026-04-05,4770,FREE,Free Plan,1
2026-04-05,4775,FREE,Free Plan,1
2026-04-05,4782,FREE,Free Plan,1
2026-04-05,4783,FREE,Free Plan,1
2026-04-05,4786,FREE,Free Plan,1
2026-04-05,4788,FREE,Free Plan,1
2026-04-05,4791,FREE,Free Plan,1
2026-04-05,4798,FREE,Free Plan,1
2026-04-05,4811,FREE,Free Plan,1
2026-04-05,4825,FREE,Free Plan,1
2026-04-05,4826,FREE,Free Plan,1
2026-04-05,4828,FREE,Free Plan,1
2026-04-05,4830,FREE,Free Plan,1
2026-04-05,4836,FREE,Free Plan,1
2026-04-05,4837,FREE,Free Plan,1
2026-04-05,4844,FREE,Free Plan,1
2026-04-05,4850,FREE,Free Plan,1
2026-04-05,4853,FREE,Free Plan,1
2026-04-05,4861,FREE,Free Plan,1
2026-04-05,4863,FREE,Free Plan,1
2026-04-05,4864,FREE,Free Plan,1
2026-04-05,4872,FREE,Free Plan,1
2026-04-05,4882,FREE,Free Plan,1
2026-04-05,4887,FREE,Free Plan,1
2026-04-05,4888,FREE,Free Plan,1
2026-04-05,4890,FREE,Free Plan,1
2026-04-05,4898,FREE,Free Plan,1
2026-04-05,4900,FREE,Free Plan,1
2026-04-05,4902,FREE,Free Plan,1
2026-04-05,4905,FREE,Free Plan,1
2026-04-05,4909,FREE,Free Plan,1
2026-04-05,4914,FREE,Free Plan,1
2026-04-05,4915,FREE,Free Plan,1
2026-04-05,4916,FREE,Free Plan,1
2026-04-05,4917,FREE,Free Plan,1
2026-04-05,4919,FREE,Free Plan,1
2026-04-05,4920,FREE,Free Plan,1
2026-04-05,4921,FREE,Free Plan,1
2026-04-05,4929,FREE,Free Plan,1
2026-04-05,4930,FREE,Free Plan,1
2026-04-05,4931,FREE,Free Plan,1
2026-04-05,4932,FREE,Free Plan,1
2026-04-05,4938,FREE,Free Plan,1
2026-04-05,4941,FREE,Free Plan,1
2026-04-05,4947,FREE,Free Plan,1
2026-04-05,4948,FREE,Free Plan,1
2026-04-05,4949,FREE,Free Plan,1
2026-04-05,4958,FREE,Free Plan,1
2026-04-05,4959,FREE,Free Plan,1
2026-04-05,4967,FREE,Free Plan,1
2026-04-05,4971,FREE,Free Plan,1
2026-04-05,4975,FREE,Free Plan,1
2026-04-05,4976,FREE,Free Plan,1
2026-04-05,4977,FREE,Free Plan,1
2026-04-05,4978,FREE,Free Plan,1
2026-04-05,4995,FREE,Free Plan,1
2026-04-05,4996,FREE,Free Plan,1
2026-04-05,4998,FREE,Free Plan,1
2026-04-05,4999,FREE,Free Plan,1
2026-04-05,5001,FREE,Free Plan,1
2026-04-05,5009,FREE,Free Plan,1
2026-04-05,5015,FREE,Free Plan,1
2026-04-05,5025,FREE,Free Plan,1
2026-04-05,5029,FREE,Free Plan,1
2026-04-05,5036,FREE,Free Plan,1
2026-04-05,5042,FREE,Free Plan,1
2026-04-05,5051,FREE,Free Plan,1
2026-04-05,5053,FREE,Free Plan,1
2026-04-05,5056,FREE,Free Plan,1
2026-04-05,5068,FREE,Free Plan,1
2026-04-05,5069,FREE,Free Plan,1
2026-04-05,5070,FREE,Free Plan,1
2026-04-05,5080,FREE,Free Plan,1
2026-04-05,5085,FREE,Free Plan,1
2026-04-05,5087,FREE,Free Plan,1
2026-04-05,5088,FREE,Free Plan,1
2026-04-05,5090,FREE,Free Plan,1
2026-04-05,5092,FREE,Free Plan,1
2026-04-05,5104,FREE,Free Plan,1
2026-04-05,5106,FREE,Free Plan,1
2026-04-05,5110,FREE,Free Plan,1
2026-04-05,5111,FREE,Free Plan,1
2026-04-05,5112,FREE,Free Plan,1
2026-04-05,5115,FREE,Free Plan,1
2026-04-05,5123,FREE,Free Plan,1
2026-04-05,5144,FREE,Free Plan,1
2026-04-05,5148,FREE,Free Plan,1
2026-04-05,5151,FREE,Free Plan,1
2026-04-05,5154,FREE,Free Plan,1
2026-04-05,5158,FREE,Free Plan,1
2026-04-05,5159,FREE,Free Plan,1
2026-04-05,5164,FREE,Free Plan,1
2026-04-05,5167,FREE,Free Plan,1
2026-04-12,2836,FREE,Free Plan,1
2026-04-12,2855,FREE,Free Plan,1
2026-04-12,2888,FREE,Free Plan,1
2026-04-12,2925,TEAMS,Teams Plan,1
2026-04-12,2942,FREE,Free Plan,1
2026-04-12,2951,FREE,Free Plan,1
2026-04-12,2971,FREE,Free Plan,1
2026-04-12,3070,FREE,Free Plan,1
2026-04-12,3097,FREE,Free Plan,1
2026-04-12,3141,FREE,Free Plan,1
2026-04-12,3154,FREE,Free Plan,1
2026-04-12,3201,FREE,Free Plan,1
2026-04-12,3261,FREE,Free Plan,1
2026-04-12,3274,FREE,Free Plan,1
2026-04-12,3280,FREE,Free Plan,1
2026-04-12,3287,TEAMS,Teams Plan,1
2026-04-12,3335,FREE,Free Plan,1
2026-04-12,3338,FREE,Free Plan,1
2026-04-12,3339,FREE,Free Plan,1
2026-04-12,3362,FREE,Free Plan,1
2026-04-12,3377,FREE,Free Plan,1
2026-04-12,3397,FREE,Free Plan,1
2026-04-12,3402,TEAMS,Teams Plan,1
2026-04-12,3415,FREE,Free Plan,1
2026-04-12,3424,FREE,Free Plan,1
2026-04-12,3435,FREE,Free Plan,1
2026-04-12,3436,FREE,Free Plan,1
2026-04-12,3442,FREE,Free Plan,1
2026-04-12,3456,FREE,Free Plan,1
2026-04-12,3457,FREE,Free Plan,1
2026-04-12,3468,FREE,Free Plan,1
2026-04-12,3472,FREE,Free Plan,1
2026-04-12,3474,FREE,Free Plan,1
2026-04-12,3488,FREE,Free Plan,1
2026-04-12,3494,FREE,Free Plan,1
2026-04-12,3500,FREE,Free Plan,1
2026-04-12,3510,FREE,Free Plan,1
2026-04-12,3536,FREE,Free Plan,1
2026-04-12,3537,FREE,Free Plan,1
2026-04-12,3572,FREE,Free Plan,1
2026-04-12,3577,FREE,Free Plan,1
2026-04-12,3578,FREE,Free Plan,1
2026-04-12,3592,FREE,Free Plan,1
2026-04-12,3595,FREE,Free Plan,1
2026-04-12,3608,FREE,Free Plan,1
2026-04-12,3611,FREE,Free Plan,1
2026-04-12,3617,FREE,Free Plan,1
2026-04-12,3618,FREE,Free Plan,1
2026-04-12,3619,FREE,Free Plan,1
2026-04-12,3620,FREE,Free Plan,1
2026-04-12,3621,FREE,Free Plan,1
2026-04-12,3622,FREE,Free Plan,1
2026-04-12,3623,FREE,Free Plan,1
2026-04-12,3629,FREE,Free Plan,1
2026-04-12,3630,FREE,Free Plan,1
2026-04-12,3634,FREE,Free Plan,1
2026-04-12,3636,FREE,Free Plan,1
2026-04-12,3637,FREE,Free Plan,1
2026-04-12,3639,FREE,Free Plan,1
2026-04-12,3643,FREE,Free Plan,1
2026-04-12,3645,FREE,Free Plan,1
2026-04-12,3646,FREE,Free Plan,1
2026-04-12,3647,FREE,Free Plan,1
2026-04-12,3653,FREE,Free Plan,1
2026-04-12,3656,FREE,Free Plan,1
2026-04-12,3657,FREE,Free Plan,1
2026-04-12,3658,FREE,Free Plan,1
2026-04-12,3662,FREE,Free Plan,1
2026-04-12,3666,TEAMS,Teams Plan,1
2026-04-12,3667,FREE,Free Plan,1
2026-04-12,3671,FREE,Free Plan,1
2026-04-12,3677,FREE,Free Plan,1
2026-04-12,3678,FREE,Free Plan,1
2026-04-12,3681,FREE,Free Plan,1
2026-04-12,3693,FREE,Free Plan,1
2026-04-12,3697,FREE,Free Plan,1
2026-04-12,3701,FREE,Free Plan,1
2026-04-12,3703,FREE,Free Plan,1
2026-04-12,3709,FREE,Free Plan,1
2026-04-12,3711,FREE,Free Plan,1
2026-04-12,3714,FREE,Free Plan,1
2026-04-12,3716,FREE,Free Plan,1
2026-04-12,3717,FREE,Free Plan,1
2026-04-12,3723,FREE,Free Plan,1
2026-04-12,3726,FREE,Free Plan,1
2026-04-12,3732,FREE,Free Plan,1
2026-04-12,3739,FREE,Free Plan,1
2026-04-12,3742,FREE,Free Plan,1
2026-04-12,3752,FREE,Free Plan,1
2026-04-12,3755,FREE,Free Plan,1
2026-04-12,3757,TEAMS,Teams Plan,1
2026-04-12,3766,FREE,Free Plan,1
2026-04-12,3775,FREE,Free Plan,1
2026-04-12,3790,FREE,Free Plan,1
2026-04-12,3791,FREE,Free Plan,1
2026-04-12,3793,FREE,Free Plan,1
2026-04-12,3794,FREE,Free Plan,1
2026-04-12,3795,FREE,Free Plan,1
2026-04-12,3798,FREE,Free Plan,1
2026-04-12,3800,FREE,Free Plan,1
2026-04-12,3802,FREE,Free Plan,1
2026-04-12,3804,FREE,Free Plan,1
2026-04-12,3805,FREE,Free Plan,1
2026-04-12,3806,FREE,Free Plan,1
2026-04-12,3808,FREE,Free Plan,1
2026-04-12,3809,FREE,Free Plan,1
2026-04-12,3814,FREE,Free Plan,1
2026-04-12,3816,FREE,Free Plan,1
2026-04-12,3819,FREE,Free Plan,1
2026-04-12,3820,FREE,Free Plan,1
2026-04-12,3823,FREE,Free Plan,1
2026-04-12,3824,FREE,Free Plan,1
2026-04-12,3832,FREE,Free Plan,1
2026-04-12,3833,FREE,Free Plan,1
2026-04-12,3836,FREE,Free Plan,1
2026-04-12,3853,FREE,Free Plan,1
2026-04-12,3899,FREE,Free Plan,1
2026-04-12,3911,FREE,Free Plan,1
2026-04-12,3997,FREE,Free Plan,1
2026-04-12,4007,FREE,Free Plan,1
2026-04-12,4008,FREE,Free Plan,1
2026-04-12,4010,FREE,Free Plan,1
2026-04-12,4024,FREE,Free Plan,1
2026-04-12,4025,FREE,Free Plan,1
2026-04-12,4026,FREE,Free Plan,1
2026-04-12,4034,FREE,Free Plan,1
2026-04-12,4035,FREE,Free Plan,1
2026-04-12,4037,FREE,Free Plan,1
2026-04-12,4044,FREE,Free Plan,1
2026-04-12,4049,FREE,Free Plan,1
2026-04-12,4051,FREE,Free Plan,1
2026-04-12,4055,FREE,Free Plan,1
2026-04-12,4059,FREE,Free Plan,1
2026-04-12,4065,FREE,Free Plan,1
2026-04-12,4071,FREE,Free Plan,1
2026-04-12,4084,FREE,Free Plan,1
2026-04-12,4090,FREE,Free Plan,1
2026-04-12,4093,FREE,Free Plan,1
2026-04-12,4096,FREE,Free Plan,1
2026-04-12,4100,FREE,Free Plan,1
2026-04-12,4103,FREE,Free Plan,1
2026-04-12,4104,FREE,Free Plan,1
2026-04-12,4111,FREE,Free Plan,1
2026-04-12,4114,FREE,Free Plan,1
2026-04-12,4116,FREE,Free Plan,1
2026-04-12,4117,FREE,Free Plan,1
2026-04-12,4119,FREE,Free Plan,1
2026-04-12,4120,FREE,Free Plan,1
2026-04-12,4132,FREE,Free Plan,1
2026-04-12,4133,FREE,Free Plan,1
2026-04-12,4141,FREE,Free Plan,1
2026-04-12,4142,FREE,Free Plan,1
2026-04-12,4154,FREE,Free Plan,1
2026-04-12,4155,FREE,Free Plan,1
2026-04-12,4156,FREE,Free Plan,1
2026-04-12,4160,FREE,Free Plan,1
2026-04-12,4165,FREE,Free Plan,1
2026-04-12,4170,FREE,Free Plan,1
2026-04-12,4171,FREE,Free Plan,1
2026-04-12,4173,FREE,Free Plan,1
2026-04-12,4175,FREE,Free Plan,1
2026-04-12,4188,FREE,Free Plan,1
2026-04-12,4189,FREE,Free Plan,1
2026-04-12,4191,FREE,Free Plan,1
2026-04-12,4194,FREE,Free Plan,1
2026-04-12,4197,FREE,Free Plan,1
2026-04-12,4199,FREE,Free Plan,1
2026-04-12,4206,FREE,Free Plan,1
2026-04-12,4207,FREE,Free Plan,1
2026-04-12,4216,FREE,Free Plan,1
2026-04-12,4218,FREE,Free Plan,1
2026-04-12,4222,FREE,Free Plan,1
2026-04-12,4226,FREE,Free Plan,1
2026-04-12,4235,FREE,Free Plan,1
2026-04-12,4243,FREE,Free Plan,1
2026-04-12,4244,FREE,Free Plan,1
2026-04-12,4247,FREE,Free Plan,1
2026-04-12,4249,FREE,Free Plan,1
2026-04-12,4264,FREE,Free Plan,1
2026-04-12,4274,FREE,Free Plan,1
2026-04-12,4275,FREE,Free Plan,1
2026-04-12,4281,FREE,Free Plan,1
2026-04-12,4283,FREE,Free Plan,1
2026-04-12,4284,FREE,Free Plan,1
2026-04-12,4311,FREE,Free Plan,1
2026-04-12,4318,FREE,Free Plan,1
2026-04-12,4321,FREE,Free Plan,1
2026-04-12,4326,FREE,Free Plan,1
2026-04-12,4327,FREE,Free Plan,1
2026-04-12,4331,FREE,Free Plan,1
2026-04-12,4344,FREE,Free Plan,1
2026-04-12,4345,FREE,Free Plan,1
2026-04-12,4348,FREE,Free Plan,1
2026-04-12,4355,FREE,Free Plan,1
2026-04-12,4359,FREE,Free Plan,1
2026-04-12,4362,FREE,Free Plan,1
2026-04-12,4363,FREE,Free Plan,1
2026-04-12,4372,FREE,Free Plan,1
2026-04-12,4382,FREE,Free Plan,1
2026-04-12,4386,FREE,Free Plan,1
2026-04-12,4393,FREE,Free Plan,1
2026-04-12,4395,FREE,Free Plan,1
2026-04-12,4397,FREE,Free Plan,1
2026-04-12,4400,FREE,Free Plan,1
2026-04-12,4410,FREE,Free Plan,1
2026-04-12,4411,FREE,Free Plan,1
2026-04-12,4414,FREE,Free Plan,1
2026-04-12,4415,FREE,Free Plan,1
2026-04-12,4420,FREE,Free Plan,1
2026-04-12,4425,FREE,Free Plan,1
2026-04-12,4430,FREE,Free Plan,1
2026-04-12,4443,FREE,Free Plan,1
2026-04-12,4444,FREE,Free Plan,1
2026-04-12,4453,FREE,Free Plan,1
2026-04-12,4457,FREE,Free Plan,1
2026-04-12,4458,FREE,Free Plan,1
2026-04-12,4468,FREE,Free Plan,1
2026-04-12,4470,FREE,Free Plan,1
2026-04-12,4479,FREE,Free Plan,1
2026-04-12,4482,FREE,Free Plan,1
2026-04-12,4485,FREE,Free Plan,1
2026-04-12,4490,FREE,Free Plan,1
2026-04-12,4493,FREE,Free Plan,1
2026-04-12,4494,FREE,Free Plan,1
2026-04-12,4500,FREE,Free Plan,1
2026-04-12,4506,FREE,Free Plan,1
2026-04-12,4509,FREE,Free Plan,1
2026-04-12,4517,FREE,Free Plan,1
2026-04-12,4518,FREE,Free Plan,1
2026-04-12,4526,FREE,Free Plan,1
2026-04-12,4528,FREE,Free Plan,1
2026-04-12,4534,FREE,Free Plan,1
2026-04-12,4535,FREE,Free Plan,1
2026-04-12,4539,FREE,Free Plan,1
2026-04-12,4540,FREE,Free Plan,1
2026-04-12,4541,FREE,Free Plan,1
2026-04-12,4544,FREE,Free Plan,1
2026-04-12,4546,FREE,Free Plan,1
2026-04-12,4547,FREE,Free Plan,1
2026-04-12,4551,FREE,Free Plan,1
2026-04-12,4555,FREE,Free Plan,1
2026-04-12,4558,FREE,Free Plan,1
2026-04-12,4563,FREE,Free Plan,1
2026-04-12,4574,FREE,Free Plan,1
2026-04-12,4576,FREE,Free Plan,1
2026-04-12,4578,FREE,Free Plan,1
2026-04-12,4581,FREE,Free Plan,1
2026-04-12,4584,FREE,Free Plan,1
2026-04-12,4595,FREE,Free Plan,1
2026-04-12,4596,FREE,Free Plan,1
2026-04-12,4598,FREE,Free Plan,1
2026-04-12,4607,FREE,Free Plan,1
2026-04-12,4612,FREE,Free Plan,1
2026-04-12,4614,FREE,Free Plan,1
2026-04-12,4622,FREE,Free Plan,1
2026-04-12,4628,FREE,Free Plan,1
2026-04-12,4629,FREE,Free Plan,1
2026-04-12,4634,FREE,Free Plan,1
2026-04-12,4635,FREE,Free Plan,1
2026-04-12,4636,FREE,Free Plan,1
2026-04-12,4637,FREE,Free Plan,1
2026-04-12,4640,FREE,Free Plan,1
2026-04-12,4647,FREE,Free Plan,1
2026-04-12,4659,FREE,Free Plan,1
2026-04-12,4661,FREE,Free Plan,1
2026-04-12,4667,FREE,Free Plan,1
2026-04-12,4671,FREE,Free Plan,1
2026-04-12,4675,FREE,Free Plan,1
2026-04-12,4677,FREE,Free Plan,1
2026-04-12,4681,FREE,Free Plan,1
2026-04-12,4682,FREE,Free Plan,1
2026-04-12,4688,FREE,Free Plan,1
2026-04-12,4698,FREE,Free Plan,1
2026-04-12,4701,FREE,Free Plan,1
2026-04-12,4702,FREE,Free Plan,1
2026-04-12,4704,FREE,Free Plan,1
2026-04-12,4709,FREE,Free Plan,1
2026-04-12,4712,FREE,Free Plan,1
2026-04-12,4715,FREE,Free Plan,1
2026-04-12,4717,FREE,Free Plan,1
2026-04-12,4724,FREE,Free Plan,1
2026-04-12,4726,FREE,Free Plan,1
2026-04-12,4734,FREE,Free Plan,1
2026-04-12,4738,FREE,Free Plan,1
2026-04-12,4742,FREE,Free Plan,1
2026-04-12,4746,FREE,Free Plan,1
2026-04-12,4750,FREE,Free Plan,1
2026-04-12,4759,FREE,Free Plan,1
2026-04-12,4760,FREE,Free Plan,1
2026-04-12,4770,FREE,Free Plan,1
2026-04-12,4775,FREE,Free Plan,1
2026-04-12,4782,FREE,Free Plan,1
2026-04-12,4783,FREE,Free Plan,1
2026-04-12,4786,FREE,Free Plan,1
2026-04-12,4788,FREE,Free Plan,1
2026-04-12,4791,FREE,Free Plan,1
2026-04-12,4798,FREE,Free Plan,1
2026-04-12,4811,FREE,Free Plan,1
2026-04-12,4825,FREE,Free Plan,1
2026-04-12,4826,FREE,Free Plan,1
2026-04-12,4828,FREE,Free Plan,1
2026-04-12,4830,FREE,Free Plan,1
2026-04-12,4836,FREE,Free Plan,1
2026-04-12,4837,FREE,Free Plan,1
2026-04-12,4844,FREE,Free Plan,1
2026-04-12,4850,FREE,Free Plan,1
2026-04-12,4853,FREE,Free Plan,1
2026-04-12,4861,FREE,Free Plan,1
2026-04-12,4863,FREE,Free Plan,1
2026-04-12,4864,FREE,Free Plan,1
2026-04-12,4872,FREE,Free Plan,1
2026-04-12,4882,FREE,Free Plan,1
2026-04-12,4887,FREE,Free Plan,1
2026-04-12,4888,FREE,Free Plan,1
2026-04-12,4890,FREE,Free Plan,1
2026-04-12,4898,FREE,Free Plan,1
2026-04-12,4900,FREE,Free Plan,1
2026-04-12,4902,FREE,Free Plan,1
2026-04-12,4905,FREE,Free Plan,1
2026-04-12,4909,FREE,Free Plan,1
2026-04-12,4914,FREE,Free Plan,1
2026-04-12,4915,FREE,Free Plan,1
2026-04-12,4916,FREE,Free Plan,1
2026-04-12,4917,FREE,Free Plan,1
2026-04-12,4919,FREE,Free Plan,1
2026-04-12,4920,FREE,Free Plan,1
2026-04-12,4921,FREE,Free Plan,1
2026-04-12,4929,FREE,Free Plan,1
2026-04-12,4930,FREE,Free Plan,1
2026-04-12,4931,FREE,Free Plan,1
2026-04-12,4932,FREE,Free Plan,1
2026-04-12,4938,FREE,Free Plan,1
2026-04-12,4941,FREE,Free Plan,1
2026-04-12,4947,FREE,Free Plan,1
2026-04-12,4948,FREE,Free Plan,1
2026-04-12,4949,FREE,Free Plan,1
2026-04-12,4958,FREE,Free Plan,1
2026-04-12,4959,FREE,Free Plan,1
2026-04-12,4967,FREE,Free Plan,1
2026-04-12,4971,FREE,Free Plan,1
2026-04-12,4975,FREE,Free Plan,1
2026-04-12,4976,FREE,Free Plan,1
2026-04-12,4977,FREE,Free Plan,1
2026-04-12,4978,FREE,Free Plan,1
2026-04-12,4995,FREE,Free Plan,1
2026-04-12,4996,FREE,Free Plan,1
2026-04-12,4998,FREE,Free Plan,1
2026-04-12,4999,FREE,Free Plan,1
2026-04-12,5001,FREE,Free Plan,1
2026-04-12,5009,FREE,Free Plan,1
2026-04-12,5015,FREE,Free Plan,1
2026-04-12,5025,FREE,Free Plan,1
2026-04-12,5029,FREE,Free Plan,1
2026-04-12,5036,FREE,Free Plan,1
2026-04-12,5042,FREE,Free Plan,1
2026-04-12,5051,FREE,Free Plan,1
2026-04-12,5053,FREE,Free Plan,1
2026-04-12,5056,FREE,Free Plan,1
2026-04-12,5068,FREE,Free Plan,1
2026-04-12,5069,FREE,Free Plan,1
2026-04-12,5070,FREE,Free Plan,1
2026-04-12,5080,FREE,Free Plan,1
2026-04-12,5085,FREE,Free Plan,1
2026-04-12,5087,FREE,Free Plan,1
2026-04-12,5088,FREE,Free Plan,1
2026-04-12,5090,FREE,Free Plan,1
2026-04-12,5092,FREE,Free Plan,1
2026-04-12,5104,FREE,Free Plan,1
2026-04-12,5106,FREE,Free Plan,1
2026-04-12,5110,FREE,Free Plan,1
2026-04-12,5111,FREE,Free Plan,1
2026-04-12,5112,FREE,Free Plan,1
2026-04-12,5115,FREE,Free Plan,1
2026-04-12,5123,FREE,Free Plan,1
2026-04-12,5144,FREE,Free Plan,1
2026-04-12,5148,FREE,Free Plan,1
2026-04-12,5151,FREE,Free Plan,1
2026-04-12,5154,FREE,Free Plan,1
2026-04-12,5158,FREE,Free Plan,1
2026-04-12,5159,FREE,Free Plan,1
2026-04-12,5164,FREE,Free Plan,1
2026-04-12,5167,FREE,Free Plan,1
2026-04-12,5172,FREE,Free Plan,1
2026-04-19,2888,FREE,Free Plan,1
2026-04-19,2925,TEAMS,Teams Plan,1
2026-04-19,2942,FREE,Free Plan,1
2026-04-19,2951,FREE,Free Plan,1
2026-04-19,3070,FREE,Free Plan,1
2026-04-19,3141,FREE,Free Plan,1
2026-04-19,3154,FREE,Free Plan,1
2026-04-19,3201,FREE,Free Plan,1
2026-04-19,3261,FREE,Free Plan,1
2026-04-19,3287,TEAMS,Teams Plan,1
2026-04-19,3335,FREE,Free Plan,1
2026-04-19,3338,FREE,Free Plan,1
2026-04-19,3339,FREE,Free Plan,1
2026-04-19,3362,FREE,Free Plan,1
2026-04-19,3377,FREE,Free Plan,1
2026-04-19,3397,FREE,Free Plan,1
2026-04-19,3402,TEAMS,Teams Plan,1
2026-04-19,3415,FREE,Free Plan,1
2026-04-19,3457,FREE,Free Plan,1
2026-04-19,3472,FREE,Free Plan,1
2026-04-19,3488,FREE,Free Plan,1
2026-04-19,3494,FREE,Free Plan,1
2026-04-19,3500,FREE,Free Plan,1
2026-04-19,3510,FREE,Free Plan,1
2026-04-19,3536,FREE,Free Plan,1
2026-04-19,3537,FREE,Free Plan,1
2026-04-19,3572,FREE,Free Plan,1
2026-04-19,3577,FREE,Free Plan,1
2026-04-19,3578,FREE,Free Plan,1
2026-04-19,3592,FREE,Free Plan,1
2026-04-19,3595,FREE,Free Plan,1
2026-04-19,3608,FREE,Free Plan,1
2026-04-19,3611,FREE,Free Plan,1
2026-04-19,3646,FREE,Free Plan,1
2026-04-19,3647,FREE,Free Plan,1
2026-04-19,3653,FREE,Free Plan,1
2026-04-19,3656,FREE,Free Plan,1
2026-04-19,3657,FREE,Free Plan,1
2026-04-19,3658,FREE,Free Plan,1
2026-04-19,3662,FREE,Free Plan,1
2026-04-19,3666,TEAMS,Teams Plan,1
2026-04-19,3667,FREE,Free Plan,1
2026-04-19,3671,FREE,Free Plan,1
2026-04-19,3677,FREE,Free Plan,1
2026-04-19,3678,FREE,Free Plan,1
2026-04-19,3681,FREE,Free Plan,1
2026-04-19,3693,FREE,Free Plan,1
2026-04-19,3697,FREE,Free Plan,1
2026-04-19,3701,FREE,Free Plan,1
2026-04-19,3703,FREE,Free Plan,1
2026-04-19,3709,FREE,Free Plan,1
2026-04-19,3711,FREE,Free Plan,1
2026-04-19,3714,FREE,Free Plan,1
2026-04-19,3716,FREE,Free Plan,1
2026-04-19,3717,FREE,Free Plan,1
2026-04-19,3723,FREE,Free Plan,1
2026-04-19,3726,FREE,Free Plan,1
2026-04-19,3732,FREE,Free Plan,1
2026-04-19,3739,FREE,Free Plan,1
2026-04-19,3742,FREE,Free Plan,1
2026-04-19,3752,FREE,Free Plan,1
2026-04-19,3755,FREE,Free Plan,1
2026-04-19,3757,TEAMS,Teams Plan,1
2026-04-19,3766,FREE,Free Plan,1
2026-04-19,3775,FREE,Free Plan,1
2026-04-19,3790,FREE,Free Plan,1
2026-04-19,3791,FREE,Free Plan,1
2026-04-19,3793,FREE,Free Plan,1
2026-04-19,3794,FREE,Free Plan,1
2026-04-19,3795,FREE,Free Plan,1
2026-04-19,3798,FREE,Free Plan,1
2026-04-19,3800,FREE,Free Plan,1
2026-04-19,3802,FREE,Free Plan,1
2026-04-19,3804,FREE,Free Plan,1
2026-04-19,3805,FREE,Free Plan,1
2026-04-19,3806,FREE,Free Plan,1
2026-04-19,3808,FREE,Free Plan,1
2026-04-19,3809,FREE,Free Plan,1
2026-04-19,3814,FREE,Free Plan,1
2026-04-19,3816,FREE,Free Plan,1
2026-04-19,3819,FREE,Free Plan,1
2026-04-19,3820,FREE,Free Plan,1
2026-04-19,3823,FREE,Free Plan,1
2026-04-19,3824,FREE,Free Plan,1
2026-04-19,3832,FREE,Free Plan,1
2026-04-19,3833,FREE,Free Plan,1
2026-04-19,3836,FREE,Free Plan,1
2026-04-19,3853,FREE,Free Plan,1
2026-04-19,3899,FREE,Free Plan,1
2026-04-19,3911,FREE,Free Plan,1
2026-04-19,4318,FREE,Free Plan,1
2026-04-19,4321,FREE,Free Plan,1
2026-04-19,4326,FREE,Free Plan,1
2026-04-19,4327,FREE,Free Plan,1
2026-04-19,4331,FREE,Free Plan,1
2026-04-19,4344,FREE,Free Plan,1
2026-04-19,4345,FREE,Free Plan,1
2026-04-19,4348,FREE,Free Plan,1
2026-04-19,4355,FREE,Free Plan,1
2026-04-19,4359,FREE,Free Plan,1
2026-04-19,4362,FREE,Free Plan,1
2026-04-19,4363,FREE,Free Plan,1
2026-04-19,4372,FREE,Free Plan,1
2026-04-19,4382,FREE,Free Plan,1
2026-04-19,4386,FREE,Free Plan,1
2026-04-19,4393,FREE,Free Plan,1
2026-04-19,4395,FREE,Free Plan,1
2026-04-19,4397,FREE,Free Plan,1
2026-04-19,4400,FREE,Free Plan,1
2026-04-19,4410,FREE,Free Plan,1
2026-04-19,4411,FREE,Free Plan,1
2026-04-19,4414,FREE,Free Plan,1
2026-04-19,4415,FREE,Free Plan,1
2026-04-19,4420,FREE,Free Plan,1
2026-04-19,4425,FREE,Free Plan,1
2026-04-19,4430,FREE,Free Plan,1
2026-04-19,4443,FREE,Free Plan,1
2026-04-19,4444,FREE,Free Plan,1
2026-04-19,4453,FREE,Free Plan,1
2026-04-19,4457,FREE,Free Plan,1
2026-04-19,4458,FREE,Free Plan,1
2026-04-19,4468,FREE,Free Plan,1
2026-04-19,4470,FREE,Free Plan,1
2026-04-19,4479,FREE,Free Plan,1
2026-04-19,4482,FREE,Free Plan,1
2026-04-19,4485,FREE,Free Plan,1
2026-04-19,4490,FREE,Free Plan,1
2026-04-19,4493,FREE,Free Plan,1
2026-04-19,4494,FREE,Free Plan,1
2026-04-19,4500,FREE,Free Plan,1
2026-04-19,4506,FREE,Free Plan,1
2026-04-19,4509,FREE,Free Plan,1
2026-04-19,4517,FREE,Free Plan,1
2026-04-19,4518,FREE,Free Plan,1
2026-04-19,4526,FREE,Free Plan,1
2026-04-19,4528,FREE,Free Plan,1
2026-04-19,4534,FREE,Free Plan,1
2026-04-19,4535,FREE,Free Plan,1
2026-04-19,4539,FREE,Free Plan,1
2026-04-19,4540,FREE,Free Plan,1
2026-04-19,4541,FREE,Free Plan,1
2026-04-19,4544,FREE,Free Plan,1
2026-04-19,4546,FREE,Free Plan,1
2026-04-19,4547,FREE,Free Plan,1
2026-04-19,4551,FREE,Free Plan,1
2026-04-19,4555,FREE,Free Plan,1
2026-04-19,4558,FREE,Free Plan,1
2026-04-19,4563,FREE,Free Plan,1
2026-04-19,4574,FREE,Free Plan,1
2026-04-19,4576,FREE,Free Plan,1
2026-04-19,4578,FREE,Free Plan,1
2026-04-19,4581,FREE,Free Plan,1
2026-04-19,4584,FREE,Free Plan,1
2026-04-19,4595,FREE,Free Plan,1
2026-04-19,4596,FREE,Free Plan,1
2026-04-19,4598,FREE,Free Plan,1
2026-04-19,4607,FREE,Free Plan,1
2026-04-19,4612,FREE,Free Plan,1
2026-04-19,4614,FREE,Free Plan,1
2026-04-19,4622,FREE,Free Plan,1
2026-04-19,4628,FREE,Free Plan,1
2026-04-19,4629,FREE,Free Plan,1
2026-04-19,4634,FREE,Free Plan,1
2026-04-19,4635,FREE,Free Plan,1
2026-04-19,4636,FREE,Free Plan,1
2026-04-19,4637,FREE,Free Plan,1
2026-04-19,4640,FREE,Free Plan,1
2026-04-19,4647,FREE,Free Plan,1
2026-04-19,4659,FREE,Free Plan,1
2026-04-19,4661,FREE,Free Plan,1
2026-04-19,4667,FREE,Free Plan,1
2026-04-19,4671,FREE,Free Plan,1
2026-04-19,4675,FREE,Free Plan,1
2026-04-19,4677,FREE,Free Plan,1
2026-04-19,4681,FREE,Free Plan,1
2026-04-19,4682,FREE,Free Plan,1
2026-04-19,4688,FREE,Free Plan,1
2026-04-19,4698,FREE,Free Plan,1
2026-04-19,4701,FREE,Free Plan,1
2026-04-19,4702,FREE,Free Plan,1
2026-04-19,4704,FREE,Free Plan,1
2026-04-19,4709,FREE,Free Plan,1
2026-04-19,4712,FREE,Free Plan,1
2026-04-19,4715,FREE,Free Plan,1
2026-04-19,4717,FREE,Free Plan,1
2026-04-19,4724,FREE,Free Plan,1
2026-04-19,4726,FREE,Free Plan,1
2026-04-19,4734,FREE,Free Plan,1
2026-04-19,4738,FREE,Free Plan,1
2026-04-19,4742,FREE,Free Plan,1
2026-04-19,4746,FREE,Free Plan,1
2026-04-19,4750,FREE,Free Plan,1
2026-04-19,4759,FREE,Free Plan,1
2026-04-19,4760,FREE,Free Plan,1
2026-04-19,4770,FREE,Free Plan,1
2026-04-19,4775,FREE,Free Plan,1
2026-04-19,4782,FREE,Free Plan,1
2026-04-19,4783,FREE,Free Plan,1
2026-04-19,4786,FREE,Free Plan,1
2026-04-19,4788,FREE,Free Plan,1
2026-04-19,4791,FREE,Free Plan,1
2026-04-19,4798,FREE,Free Plan,1
2026-04-19,4811,FREE,Free Plan,1
2026-04-19,4825,FREE,Free Plan,1
2026-04-19,4826,FREE,Free Plan,1
2026-04-19,4828,FREE,Free Plan,1
2026-04-19,4830,FREE,Free Plan,1
2026-04-19,4836,FREE,Free Plan,1
2026-04-19,4837,FREE,Free Plan,1
2026-04-19,4844,FREE,Free Plan,1
2026-04-19,4850,FREE,Free Plan,1
2026-04-19,4853,FREE,Free Plan,1
2026-04-19,4861,FREE,Free Plan,1
2026-04-19,4863,FREE,Free Plan,1
2026-04-19,4864,FREE,Free Plan,1
2026-04-19,4872,FREE,Free Plan,1
2026-04-19,4882,FREE,Free Plan,1
2026-04-19,4887,FREE,Free Plan,1
2026-04-19,4888,FREE,Free Plan,1
2026-04-19,4890,FREE,Free Plan,1
2026-04-19,4898,FREE,Free Plan,1
2026-04-19,4900,FREE,Free Plan,1
2026-04-19,4902,FREE,Free Plan,1
2026-04-19,4905,FREE,Free Plan,1
2026-04-19,4909,FREE,Free Plan,1
2026-04-19,4914,FREE,Free Plan,1
2026-04-19,4915,FREE,Free Plan,1
2026-04-19,4916,FREE,Free Plan,1
2026-04-19,4917,FREE,Free Plan,1
2026-04-19,4919,FREE,Free Plan,1
2026-04-19,4920,FREE,Free Plan,1
2026-04-19,4921,FREE,Free Plan,1
2026-04-19,4929,FREE,Free Plan,1
2026-04-19,4930,FREE,Free Plan,1
2026-04-19,4931,FREE,Free Plan,1
2026-04-19,4932,FREE,Free Plan,1
2026-04-19,4938,FREE,Free Plan,1
2026-04-19,4941,FREE,Free Plan,1
2026-04-19,4947,FREE,Free Plan,1
2026-04-19,4948,FREE,Free Plan,1
2026-04-19,4949,FREE,Free Plan,1
2026-04-19,4958,FREE,Free Plan,1
2026-04-19,4959,FREE,Free Plan,1
2026-04-19,4967,FREE,Free Plan,1
2026-04-19,4971,FREE,Free Plan,1
2026-04-19,4975,FREE,Free Plan,1
2026-04-19,4976,FREE,Free Plan,1
2026-04-19,4977,FREE,Free Plan,1
2026-04-19,4978,FREE,Free Plan,1
2026-04-19,4995,FREE,Free Plan,1
2026-04-19,4996,FREE,Free Plan,1
2026-04-19,4998,FREE,Free Plan,1
2026-04-19,4999,FREE,Free Plan,1
2026-04-19,5001,FREE,Free Plan,1
2026-04-19,5009,FREE,Free Plan,1
2026-04-19,5015,FREE,Free Plan,1
2026-04-19,5025,FREE,Free Plan,1
2026-04-19,5029,FREE,Free Plan,1
2026-04-19,5036,FREE,Free Plan,1
2026-04-19,5042,FREE,Free Plan,1
2026-04-19,5051,FREE,Free Plan,1
2026-04-19,5053,FREE,Free Plan,1
2026-04-19,5056,FREE,Free Plan,1
2026-04-19,5068,FREE,Free Plan,1
2026-04-19,5069,FREE,Free Plan,1
2026-04-19,5070,FREE,Free Plan,1
2026-04-19,5080,FREE,Free Plan,1
2026-04-19,5085,FREE,Free Plan,1
2026-04-19,5087,FREE,Free Plan,1
2026-04-19,5088,FREE,Free Plan,1
2026-04-19,5090,FREE,Free Plan,1
2026-04-19,5092,FREE,Free Plan,1
2026-04-19,5104,FREE,Free Plan,1
2026-04-19,5106,FREE,Free Plan,1
2026-04-19,5110,FREE,Free Plan,1
2026-04-19,5111,FREE,Free Plan,1
2026-04-19,5112,FREE,Free Plan,1
2026-04-19,5115,FREE,Free Plan,1
2026-04-19,5123,FREE,Free Plan,1
2026-04-19,5144,FREE,Free Plan,1
2026-04-19,5148,FREE,Free Plan,1
2026-04-19,5151,FREE,Free Plan,1
2026-04-19,5154,FREE,Free Plan,1
2026-04-19,5158,FREE,Free Plan,1
2026-04-19,5159,FREE,Free Plan,1
2026-04-19,5164,FREE,Free Plan,1
2026-04-19,5167,FREE,Free Plan,1
2026-04-19,5172,FREE,Free Plan,1
2026-04-26,2888,FREE,Free Plan,1
2026-04-26,2925,TEAMS,Teams Plan,1
2026-04-26,2942,FREE,Free Plan,1
2026-04-26,2951,FREE,Free Plan,1
2026-04-26,3070,FREE,Free Plan,1
2026-04-26,3154,FREE,Free Plan,1
2026-04-26,3201,FREE,Free Plan,1
2026-04-26,3261,FREE,Free Plan,1
2026-04-26,3339,FREE,Free Plan,1
2026-04-26,3362,FREE,Free Plan,1
2026-04-26,3397,FREE,Free Plan,1
2026-04-26,3415,FREE,Free Plan,1
2026-04-26,3457,FREE,Free Plan,1
2026-04-26,3472,FREE,Free Plan,1
2026-04-26,3592,FREE,Free Plan,1
2026-04-26,3595,FREE,Free Plan,1
2026-04-26,3723,FREE,Free Plan,1
2026-04-26,3726,FREE,Free Plan,1
2026-04-26,3732,FREE,Free Plan,1
2026-04-26,3739,FREE,Free Plan,1
2026-04-26,3742,FREE,Free Plan,1
2026-04-26,3752,FREE,Free Plan,1
2026-04-26,3755,FREE,Free Plan,1
2026-04-26,3757,TEAMS,Teams Plan,1
2026-04-26,3766,FREE,Free Plan,1
2026-04-26,3775,FREE,Free Plan,1
2026-04-26,3790,FREE,Free Plan,1
2026-04-26,3791,FREE,Free Plan,1
2026-04-26,3793,FREE,Free Plan,1
2026-04-26,3794,FREE,Free Plan,1
2026-04-26,3795,FREE,Free Plan,1
2026-04-26,3798,FREE,Free Plan,1
2026-04-26,3800,FREE,Free Plan,1
2026-04-26,3802,FREE,Free Plan,1
2026-04-26,3804,FREE,Free Plan,1
2026-04-26,3805,FREE,Free Plan,1
2026-04-26,3806,FREE,Free Plan,1
2026-04-26,3808,FREE,Free Plan,1
2026-04-26,3809,FREE,Free Plan,1
2026-04-26,3814,FREE,Free Plan,1
2026-04-26,3816,FREE,Free Plan,1
2026-04-26,3819,FREE,Free Plan,1
2026-04-26,3820,FREE,Free Plan,1
2026-04-26,3823,FREE,Free Plan,1
2026-04-26,3824,FREE,Free Plan,1
2026-04-26,3832,FREE,Free Plan,1
2026-04-26,3833,FREE,Free Plan,1
2026-04-26,3836,FREE,Free Plan,1
2026-04-26,3853,FREE,Free Plan,1
2026-04-26,4640,FREE,Free Plan,1
2026-04-26,4647,FREE,Free Plan,1
2026-04-26,4659,FREE,Free Plan,1
2026-04-26,4661,FREE,Free Plan,1
2026-04-26,4667,FREE,Free Plan,1
2026-04-26,4671,FREE,Free Plan,1
2026-04-26,4675,FREE,Free Plan,1
2026-04-26,4677,FREE,Free Plan,1
2026-04-26,4681,FREE,Free Plan,1
2026-04-26,4682,FREE,Free Plan,1
2026-04-26,4688,FREE,Free Plan,1
2026-04-26,4698,FREE,Free Plan,1
2026-04-26,4701,FREE,Free Plan,1
2026-04-26,4702,FREE,Free Plan,1
2026-04-26,4704,FREE,Free Plan,1
2026-04-26,4709,FREE,Free Plan,1
2026-04-26,4712,FREE,Free Plan,1
2026-04-26,4715,FREE,Free Plan,1
2026-04-26,4717,FREE,Free Plan,1
2026-04-26,4724,FREE,Free Plan,1
2026-04-26,4726,FREE,Free Plan,1
2026-04-26,4734,FREE,Free Plan,1
2026-04-26,4738,FREE,Free Plan,1
2026-04-26,4742,FREE,Free Plan,1
2026-04-26,4746,FREE,Free Plan,1
2026-04-26,4750,FREE,Free Plan,1
2026-04-26,4759,FREE,Free Plan,1
2026-04-26,4760,FREE,Free Plan,1
2026-04-26,4770,FREE,Free Plan,1
2026-04-26,4775,FREE,Free Plan,1
2026-04-26,4782,FREE,Free Plan,1
2026-04-26,4783,FREE,Free Plan,1
2026-04-26,4786,FREE,Free Plan,1
2026-04-26,4788,FREE,Free Plan,1
2026-04-26,4791,FREE,Free Plan,1
2026-04-26,4798,FREE,Free Plan,1
2026-04-26,4811,FREE,Free Plan,1
2026-04-26,4825,FREE,Free Plan,1
2026-04-26,4826,FREE,Free Plan,1
2026-04-26,4828,FREE,Free Plan,1
2026-04-26,4830,FREE,Free Plan,1
2026-04-26,4836,FREE,Free Plan,1
2026-04-26,4837,FREE,Free Plan,1
2026-04-26,4844,FREE,Free Plan,1
2026-04-26,4850,FREE,Free Plan,1
2026-04-26,4853,FREE,Free Plan,1
2026-04-26,4861,FREE,Free Plan,1
2026-04-26,4863,FREE,Free Plan,1
2026-04-26,4864,FREE,Free Plan,1
2026-04-26,4872,FREE,Free Plan,1
2026-04-26,4882,FREE,Free Plan,1
2026-04-26,4887,FREE,Free Plan,1
2026-04-26,4888,FREE,Free Plan,1
2026-04-26,4890,FREE,Free Plan,1
2026-04-26,4898,FREE,Free Plan,1
2026-04-26,4900,FREE,Free Plan,1
2026-04-26,4902,FREE,Free Plan,1
2026-04-26,4905,FREE,Free Plan,1
2026-04-26,4909,FREE,Free Plan,1
2026-04-26,4914,FREE,Free Plan,1
2026-04-26,4915,FREE,Free Plan,1
2026-04-26,4916,FREE,Free Plan,1
2026-04-26,4917,FREE,Free Plan,1
2026-04-26,4919,FREE,Free Plan,1
2026-04-26,4920,FREE,Free Plan,1
2026-04-26,4921,FREE,Free Plan,1
2026-04-26,4929,FREE,Free Plan,1
2026-04-26,4930,FREE,Free Plan,1
2026-04-26,4931,FREE,Free Plan,1
2026-04-26,4932,FREE,Free Plan,1
2026-04-26,4938,FREE,Free Plan,1
2026-04-26,4941,FREE,Free Plan,1
2026-04-26,4947,FREE,Free Plan,1
2026-04-26,4948,FREE,Free Plan,1
2026-04-26,4949,FREE,Free Plan,1
2026-04-26,4958,FREE,Free Plan,1
2026-04-26,4959,FREE,Free Plan,1
2026-04-26,4967,FREE,Free Plan,1
2026-04-26,4971,FREE,Free Plan,1
2026-04-26,4975,FREE,Free Plan,1
2026-04-26,4976,FREE,Free Plan,1
2026-04-26,4977,FREE,Free Plan,1
2026-04-26,4978,FREE,Free Plan,1
2026-04-26,4995,FREE,Free Plan,1
2026-04-26,4996,FREE,Free Plan,1
2026-04-26,4998,FREE,Free Plan,1
2026-04-26,4999,FREE,Free Plan,1
2026-04-26,5001,FREE,Free Plan,1
2026-04-26,5009,FREE,Free Plan,1
2026-04-26,5015,FREE,Free Plan,1
2026-04-26,5025,FREE,Free Plan,1
2026-04-26,5029,FREE,Free Plan,1
2026-04-26,5036,FREE,Free Plan,1
2026-04-26,5042,FREE,Free Plan,1
2026-04-26,5051,FREE,Free Plan,1
2026-04-26,5053,FREE,Free Plan,1
2026-04-26,5056,FREE,Free Plan,1
2026-04-26,5068,FREE,Free Plan,1
2026-04-26,5069,FREE,Free Plan,1
2026-04-26,5070,FREE,Free Plan,1
2026-04-26,5080,FREE,Free Plan,1
2026-04-26,5085,FREE,Free Plan,1
2026-04-26,5087,FREE,Free Plan,1
2026-04-26,5088,FREE,Free Plan,1
2026-04-26,5090,FREE,Free Plan,1
2026-04-26,5092,FREE,Free Plan,1
2026-04-26,5104,FREE,Free Plan,1
2026-04-26,5106,FREE,Free Plan,1
2026-04-26,5110,FREE,Free Plan,1
2026-04-26,5111,FREE,Free Plan,1
2026-04-26,5112,FREE,Free Plan,1
2026-04-26,5115,FREE,Free Plan,1
2026-04-26,5123,FREE,Free Plan,1
2026-04-26,5144,FREE,Free Plan,1
2026-04-26,5148,FREE,Free Plan,1
2026-04-26,5151,FREE,Free Plan,1
2026-04-26,5154,FREE,Free Plan,1
2026-04-26,5158,FREE,Free Plan,1
2026-04-26,5159,FREE,Free Plan,1
2026-04-26,5164,FREE,Free Plan,1
2026-04-26,5167,FREE,Free Plan,1
2026-04-26,5172,FREE,Free Plan,1
